timestamp,callout_type,response_time,success
823.0656,ladder,0.1074219,False
823.1455,ladder,0.1873169,False
823.1984,ladder,0.2402344,False
823.2392,ladder,0.2810059,False
847.585,ladder,24.62677,True
855.0509,ladder,32.09271,False
855.0912,ladder,32.133,False
855.1179,ladder,32.15973,False
855.1578,ladder,32.19958,False
855.1976,ladder,32.23938,False
855.2242,ladder,32.26605,False
855.251,ladder,32.29279,False
855.2776,ladder,32.3194,False
855.3054,ladder,32.34717,False
855.3312,ladder,32.37299,False
855.3714,ladder,32.41321,False
855.3982,ladder,32.44,False
855.4248,ladder,32.46661,False
855.4514,ladder,32.49323,False
855.4786,ladder,32.52045,False
855.5052,ladder,32.54706,False
855.5453,ladder,32.5871,False
855.5713,ladder,32.6131,False
855.5978,ladder,32.63959,False
855.6246,ladder,32.66644,False
855.6516,ladder,32.69342,False
855.6783,ladder,32.72009,False
855.7053,ladder,32.74713,False
855.7313,ladder,32.77313,False
855.7584,ladder,32.80023,False
855.7847,ladder,32.82654,False
855.811,ladder,32.85284,False
855.8383,ladder,32.88013,False
855.8383,ladder,32.88013,True
855.9042,ladder,32.94604,False
855.9308,ladder,32.97266,False
855.9579,ladder,32.99969,False
855.9843,ladder,33.02612,False
856.011,ladder,33.0528,False
856.0375,ladder,33.07935,False
856.0643,ladder,33.10608,False
856.0911,ladder,33.13293,False
856.1179,ladder,33.15967,False
856.1442,ladder,33.18604,False
856.1711,ladder,33.21295,False
856.1976,ladder,33.23944,False
856.2247,ladder,33.26648,False
856.2509,ladder,33.29266,False
856.2776,ladder,33.3194,False
856.3043,ladder,33.34607,False
856.345,ladder,33.38684,False
856.3716,ladder,33.41345,False
856.3981,ladder,33.43994,False
856.4249,ladder,33.46674,False
856.451,ladder,33.4928,False
856.4781,ladder,33.5199,False
856.5049,ladder,33.54669,False
856.5312,ladder,33.573,False
856.5579,ladder,33.59973,False
856.5848,ladder,33.62665,False
856.6108,ladder,33.65265,False
856.6379,ladder,33.67975,False
856.6649,ladder,33.70667,False
856.6913,ladder,33.73315,False
856.7179,ladder,33.7597,False
856.7441,ladder,33.78595,False
856.7714,ladder,33.81317,False
856.7975,ladder,33.83929,False
856.8243,ladder,33.86615,False
856.851,ladder,33.89282,False
856.8776,ladder,33.91937,False
856.9042,ladder,33.94604,False
856.9308,ladder,33.97266,False
856.9579,ladder,33.99969,False
856.9843,ladder,34.02606,False
857.0109,ladder,34.05267,False
857.0376,ladder,34.07941,False
857.0641,ladder,34.10596,False
857.0913,ladder,34.13312,False
857.1175,ladder,34.1593,False
857.1443,ladder,34.1861,False
857.1708,ladder,34.21259,False
857.1979,ladder,34.23969,False
857.2382,ladder,34.28003,False
857.2642,ladder,34.30603,False
857.2911,ladder,34.33289,False
857.3177,ladder,34.3595,False
857.3576,ladder,34.39941,False
857.3843,ladder,34.42609,False
857.4111,ladder,34.45288,False
857.4379,ladder,34.47974,False
857.4641,ladder,34.50586,False
857.491,ladder,34.53284,False
857.5181,ladder,34.55994,False
857.5442,ladder,34.586,False
857.5709,ladder,34.61273,False
857.5978,ladder,34.63965,False
857.6244,ladder,34.6662,False
857.651,ladder,34.69281,False
857.6776,ladder,34.71936,False
857.7043,ladder,34.74609,False
857.7443,ladder,34.78607,False
857.7708,ladder,34.81262,False
857.7975,ladder,34.83929,False
857.8244,ladder,34.86621,False
857.8509,ladder,34.8927,False
857.878,ladder,34.9198,False
857.9042,ladder,34.94604,False
857.9308,ladder,34.97266,False
857.9578,ladder,34.99957,False
857.9843,ladder,35.02606,False
858.0109,ladder,35.05267,False
858.0377,ladder,35.07953,False
858.0642,ladder,35.10602,False
858.091,ladder,35.13281,False
858.1177,ladder,35.15955,False
858.1443,ladder,35.18616,False
858.1709,ladder,35.21271,False
858.1976,ladder,35.23938,False
858.2243,ladder,35.26611,False
858.2508,ladder,35.2926,False
858.2781,ladder,35.31989,False
858.3044,ladder,35.34619,False
858.3309,ladder,35.37268,False
858.3708,ladder,35.41266,False
858.398,ladder,35.43982,False
858.4244,ladder,35.46619,False
858.4509,ladder,35.49274,False
858.478,ladder,35.51978,False
858.5045,ladder,35.54626,False
858.5309,ladder,35.57275,False
858.5585,ladder,35.60034,False
858.5845,ladder,35.62628,False
858.6113,ladder,35.65308,False
858.6377,ladder,35.6795,False
858.6643,ladder,35.70612,False
858.7043,ladder,35.74615,False
858.7308,ladder,35.77264,False
858.7722,ladder,35.81396,False
858.7977,ladder,35.83948,False
858.8243,ladder,35.86615,False
858.8508,ladder,35.89264,False
858.8779,ladder,35.91974,False
858.918,ladder,35.95978,False
858.9442,ladder,35.98602,False
858.9854,ladder,36.02722,False
859.0109,ladder,36.05273,False
859.0375,ladder,36.07935,False
859.0643,ladder,36.10608,False
859.091,ladder,36.13281,False
859.1176,ladder,36.15936,False
859.1442,ladder,36.18604,False
859.1843,ladder,36.22607,False
859.2109,ladder,36.25269,False
859.2375,ladder,36.27936,False
859.2642,ladder,36.30603,False
859.291,ladder,36.33276,False
859.3176,ladder,36.35944,False
859.3442,ladder,36.38605,False
859.3845,ladder,36.42627,False
859.4109,ladder,36.4527,False
859.451,ladder,36.4928,False
859.4777,ladder,36.51947,False
859.5043,ladder,36.54608,False
859.5445,ladder,36.5863,False
859.5842,ladder,36.62598,False
859.6108,ladder,36.65265,False
859.6378,ladder,36.67963,False
859.6642,ladder,36.70599,False
859.7043,ladder,36.74609,False
859.7443,ladder,36.78607,False
859.7711,ladder,36.81293,False
859.7977,ladder,36.83948,False
859.8242,ladder,36.86603,False
859.8509,ladder,36.8927,False
859.8775,ladder,36.91931,False
859.9042,ladder,36.94598,False
859.9308,ladder,36.97266,False
859.9711,ladder,37.01288,False
859.9975,ladder,37.03931,False
860.0383,ladder,37.08014,False
860.0643,ladder,37.10614,False
860.1042,ladder,37.14606,False
860.131,ladder,37.17285,False
860.1578,ladder,37.19958,False
860.1841,ladder,37.22589,False
860.2109,ladder,37.25269,False
860.2511,ladder,37.29291,False
860.2913,ladder,37.33307,False
860.3175,ladder,37.35931,False
860.3582,ladder,37.39996,False
860.3846,ladder,37.42639,False
860.4246,ladder,37.46643,False
860.4511,ladder,37.49292,False
860.4776,ladder,37.51941,False
860.5046,ladder,37.54645,False
860.5313,ladder,37.57312,False
860.558,ladder,37.59985,False
860.5843,ladder,37.6261,False
860.6115,ladder,37.65326,False
860.6378,ladder,37.67957,False
860.6642,ladder,37.70605,False
860.691,ladder,37.73279,False
860.7175,ladder,37.75934,False
860.7442,ladder,37.78601,False
860.7844,ladder,37.82617,False
860.8113,ladder,37.85315,False
860.8375,ladder,37.87933,False
860.8643,ladder,37.90607,False
860.891,ladder,37.9328,False
860.9176,ladder,37.95941,False
860.9445,ladder,37.98633,False
860.9709,ladder,38.0127,False
860.9977,ladder,38.03955,False
861.0383,ladder,38.08008,False
861.0776,ladder,38.11938,False
861.1043,ladder,38.14612,False
861.1443,ladder,38.18616,False
861.171,ladder,38.21283,False
861.1974,ladder,38.23926,False
861.2242,ladder,38.26605,False
861.2509,ladder,38.29266,False
861.2776,ladder,38.3194,False
861.3041,ladder,38.34595,False
861.331,ladder,38.3728,False
861.3711,ladder,38.4129,False
861.4111,ladder,38.45288,False
861.451,ladder,38.4928,False
861.4775,ladder,38.51935,False
861.5042,ladder,38.54602,False
861.5449,ladder,38.58673,False
861.5709,ladder,38.61273,False
861.6112,ladder,38.65302,False
861.6381,ladder,38.67987,False
861.6777,ladder,38.71948,False
861.7181,ladder,38.75989,False
861.7443,ladder,38.78607,False
861.7843,ladder,38.82611,False
861.8109,ladder,38.85272,False
861.8375,ladder,38.87927,False
861.8644,ladder,38.90619,False
861.8912,ladder,38.93298,False
861.9175,ladder,38.95935,False
861.9448,ladder,38.98663,False
861.9709,ladder,39.0127,False
862.0114,ladder,39.05316,False
862.0509,ladder,39.09271,False
862.0777,ladder,39.11951,False
862.1043,ladder,39.14612,False
862.1459,ladder,39.18774,False
862.1708,ladder,39.21265,False
862.1976,ladder,39.23944,False
862.2242,ladder,39.26605,False
862.2642,ladder,39.30603,False
862.2911,ladder,39.33289,False
862.3178,ladder,39.35962,False
862.3443,ladder,39.38611,False
862.371,ladder,39.41284,False
862.398,ladder,39.43982,False
862.4244,ladder,39.46619,False
862.4642,ladder,39.50598,False
862.4909,ladder,39.53271,False
862.5311,ladder,39.57288,False
862.5577,ladder,39.59949,False
862.5844,ladder,39.62616,False
862.6108,ladder,39.65265,False
862.6376,ladder,39.67938,False
862.6641,ladder,39.70593,False
862.6909,ladder,39.73273,False
862.7308,ladder,39.77258,False
862.7581,ladder,39.79993,False
862.7841,ladder,39.82587,False
862.8242,ladder,39.86603,False
862.8509,ladder,39.8927,False
862.891,ladder,39.9328,False
862.9177,ladder,39.95947,False
862.9442,ladder,39.98596,False
862.9709,ladder,40.0127,False
862.9974,ladder,40.03925,False
863.0388,ladder,40.08057,False
863.0643,ladder,40.10614,False
863.0912,ladder,40.133,False
863.1175,ladder,40.1593,False
863.1446,ladder,40.1864,False
863.1707,ladder,40.21252,False
863.1974,ladder,40.23926,False
863.2245,ladder,40.26636,False
863.251,ladder,40.29279,False
863.2775,ladder,40.31927,False
863.3041,ladder,40.34589,False
863.3309,ladder,40.37268,False
863.3708,ladder,40.41266,False
863.3978,ladder,40.43958,False
863.4244,ladder,40.46625,False
863.4509,ladder,40.49268,False
863.4775,ladder,40.51935,False
863.5176,ladder,40.55939,False
863.5442,ladder,40.586,False
863.571,ladder,40.61279,False
863.5976,ladder,40.6394,False
863.6243,ladder,40.66614,False
863.651,ladder,40.69281,False
863.6776,ladder,40.71936,False
863.7042,ladder,40.74603,False
863.7308,ladder,40.77258,False
863.7579,ladder,40.79974,False
863.7841,ladder,40.82593,False
863.8108,ladder,40.8526,False
863.851,ladder,40.89276,False
863.8774,ladder,40.91925,False
863.9044,ladder,40.94623,False
863.9314,ladder,40.97321,False
863.9709,ladder,41.01276,False
864.0125,ladder,41.05426,False
864.0375,ladder,41.07928,False
864.0778,ladder,41.11963,False
864.1041,ladder,41.14594,False
864.1312,ladder,41.17297,False
864.1576,ladder,41.1994,False
864.1974,ladder,41.2392,False
864.2241,ladder,41.26593,False
864.2643,ladder,41.30609,False
864.2909,ladder,41.3327,False
864.3309,ladder,41.37268,False
864.3709,ladder,41.41272,False
864.3978,ladder,41.43964,False
864.4379,ladder,41.47974,False
864.4642,ladder,41.50598,False
864.4908,ladder,41.53259,False
864.5311,ladder,41.57288,False
864.5709,ladder,41.61267,False
864.6111,ladder,41.65289,False
864.6375,ladder,41.67926,False
864.6642,ladder,41.70599,False
864.6909,ladder,41.73273,False
864.7175,ladder,41.75934,False
864.7442,ladder,41.78601,False
864.7711,ladder,41.81287,False
864.8109,ladder,41.85272,False
864.838,ladder,41.87982,False
864.8775,ladder,41.91931,False
864.9045,ladder,41.94629,False
864.9444,ladder,41.98621,False
864.9847,ladder,42.02649,False
865.0112,ladder,42.05298,False
865.0374,ladder,42.07922,False
865.0642,ladder,42.10602,False
865.1044,ladder,42.14624,False
865.1313,ladder,42.1731,False
865.1579,ladder,42.19971,False
865.1842,ladder,42.22601,False
865.2109,ladder,42.25269,False
865.2374,ladder,42.27924,False
865.2779,ladder,42.3197,False
865.3041,ladder,42.34595,False
865.3308,ladder,42.37262,False
865.358,ladder,42.39984,False
865.3845,ladder,42.42627,False
865.4108,ladder,42.45264,False
865.4377,ladder,42.47955,False
865.4777,ladder,42.51953,False
865.5043,ladder,42.54614,False
865.5443,ladder,42.58606,False
865.5709,ladder,42.61273,False
865.6111,ladder,42.65289,False
865.6382,ladder,42.67999,False
865.6646,ladder,42.70636,False
865.6908,ladder,42.7326,False
865.7178,ladder,42.75964,False
865.7576,ladder,42.79944,False
865.7844,ladder,42.82617,False
865.8109,ladder,42.85266,False
865.851,ladder,42.89276,False
865.8779,ladder,42.91968,False
865.9182,ladder,42.95996,False
865.9445,ladder,42.98627,False
865.9709,ladder,43.0127,False
865.9975,ladder,43.03931,False
866.0245,ladder,43.06635,False
866.0511,ladder,43.0929,False
866.0779,ladder,43.11975,False
866.1043,ladder,43.14612,False
866.1442,ladder,43.18597,False
866.1848,ladder,43.22662,False
866.2109,ladder,43.25275,False
866.2375,ladder,43.2793,False
866.2642,ladder,43.30603,False
866.2912,ladder,43.33301,False
866.3175,ladder,43.35931,False
866.3441,ladder,43.38593,False
866.3842,ladder,43.42596,False
866.4111,ladder,43.45294,False
866.4376,ladder,43.47943,False
866.4642,ladder,43.50598,False
866.5042,ladder,43.54602,False
866.5308,ladder,43.57263,False
866.5577,ladder,43.59949,False
866.5982,ladder,43.64001,False
866.6242,ladder,43.66602,False
866.6514,ladder,43.69318,False
866.6775,ladder,43.7193,False
866.7042,ladder,43.74603,False
866.731,ladder,43.77277,False
866.7709,ladder,43.81274,False
866.8108,ladder,43.8526,False
866.8508,ladder,43.89258,False
866.8776,ladder,43.91937,False
866.9175,ladder,43.95935,False
866.9577,ladder,43.99951,False
866.9843,ladder,44.02606,False
867.0108,ladder,44.05261,False
867.0377,ladder,44.07947,False
867.064,ladder,44.10583,False
867.0908,ladder,44.13263,False
867.1182,ladder,44.15997,False
867.1577,ladder,44.19946,False
867.1842,ladder,44.22601,False
867.2245,ladder,44.2663,False
867.2508,ladder,44.2926,False
867.2779,ladder,44.3197,False
867.3177,ladder,44.35956,False
867.3443,ladder,44.38611,False
867.371,ladder,44.41278,False
867.4111,ladder,44.45294,False
867.451,ladder,44.4928,False
867.4908,ladder,44.53265,False
867.5181,ladder,44.55994,False
867.5441,ladder,44.58594,False
867.5858,ladder,44.62756,False
867.6109,ladder,44.65271,False
867.6378,ladder,44.67963,False
867.6779,ladder,44.71967,False
867.7178,ladder,44.75964,False
867.7581,ladder,44.79993,False
867.7975,ladder,44.83929,False
867.8242,ladder,44.86597,False
867.8645,ladder,44.90631,False
867.8908,ladder,44.93262,False
867.9309,ladder,44.97272,False
867.971,ladder,45.01282,False
868.0109,ladder,45.05267,False
868.0511,ladder,45.0929,False
868.0915,ladder,45.1333,False
868.1174,ladder,45.15918,False
868.1577,ladder,45.19946,False
868.1976,ladder,45.23944,False
868.2378,ladder,45.2796,False
868.2781,ladder,45.31989,False
868.3178,ladder,45.35962,False
868.3574,ladder,45.39923,False
868.3981,ladder,45.43988,False
868.4376,ladder,45.47943,False
868.4641,ladder,45.50592,False
868.5048,ladder,45.54657,False
868.5443,ladder,45.58606,False
868.5843,ladder,45.6261,False
868.6245,ladder,45.66626,False
868.6511,ladder,45.69287,False
868.6911,ladder,45.73291,False
868.7176,ladder,45.7594,False
868.7578,ladder,45.79962,False
868.7975,ladder,45.83929,False
868.8378,ladder,45.87958,False
868.8777,ladder,45.91949,False
868.9176,ladder,45.95941,False
868.9442,ladder,45.98602,False
868.9841,ladder,46.02588,False
869.0109,ladder,46.05267,False
869.0508,ladder,46.09265,False
869.0776,ladder,46.11945,False
869.1175,ladder,46.1593,False
869.1442,ladder,46.18604,False
869.1842,ladder,46.22601,False
869.2241,ladder,46.26593,False
869.2509,ladder,46.29266,False
869.2918,ladder,46.33362,False
869.331,ladder,46.3728,False
869.3577,ladder,46.39948,False
869.3842,ladder,46.42596,False
869.4243,ladder,46.46606,False
869.4514,ladder,46.49316,False
869.4916,ladder,46.53345,False
869.4916,ladder,46.53345,True
869.5712,ladder,46.61298,False
869.5977,ladder,46.63953,False
869.6378,ladder,46.67957,False
869.6644,ladder,46.70624,False
869.7053,ladder,46.74707,False
869.7316,ladder,46.77338,False
869.772,ladder,46.81378,False
869.7975,ladder,46.83929,False
869.8377,ladder,46.87952,False
869.8776,ladder,46.91943,False
869.9177,ladder,46.95953,False
869.9575,ladder,46.99933,False
869.9848,ladder,47.02661,False
870.0248,ladder,47.06659,False
870.0515,ladder,47.09332,False
870.0915,ladder,47.1333,False
870.1179,ladder,47.15973,False
870.1579,ladder,47.19971,False
870.1977,ladder,47.2395,False
870.2379,ladder,47.27966,False
870.2646,ladder,47.30646,False
870.3044,ladder,47.34625,False
870.3312,ladder,47.37305,False
870.358,ladder,47.39984,False
870.3979,ladder,47.43976,False
870.4248,ladder,47.46661,False
870.4512,ladder,47.49304,False
870.4778,ladder,47.51965,False
870.5044,ladder,47.5462,False
870.5313,ladder,47.57306,False
870.5708,ladder,47.61261,False
870.5975,ladder,47.63934,False
870.6242,ladder,47.66602,False
870.6507,ladder,47.6925,False
870.6774,ladder,47.71924,False
870.704,ladder,47.74585,False
870.7443,ladder,47.78607,False
870.7708,ladder,47.81262,False
870.7975,ladder,47.83936,False
870.8242,ladder,47.86597,False
870.8513,ladder,47.89307,False
870.8774,ladder,47.91919,False
870.9047,ladder,47.94653,False
870.9307,ladder,47.97253,False
870.9575,ladder,47.99927,False
870.9844,ladder,48.02618,False
871.0107,ladder,48.05255,False
871.0507,ladder,48.09253,False
871.0773,ladder,48.11914,False
871.1041,ladder,48.14594,False
871.1307,ladder,48.17255,False
871.1708,ladder,48.21265,False
871.1974,ladder,48.2392,False
871.2241,ladder,48.26587,False
871.2507,ladder,48.29254,False
871.2911,ladder,48.33295,False
871.3185,ladder,48.36029,False
871.3576,ladder,48.39941,False
871.3974,ladder,48.43921,False
871.4377,ladder,48.47955,False
871.4777,ladder,48.51953,False
871.5175,ladder,48.55933,False
871.5581,ladder,48.59991,False
871.5841,ladder,48.62592,False
871.6108,ladder,48.65265,False
871.6512,ladder,48.69299,False
871.6909,ladder,48.73267,False
871.7307,ladder,48.77252,False
871.7714,ladder,48.81323,False
871.811,ladder,48.85284,False
871.8383,ladder,48.88007,False
871.8779,ladder,48.91968,False
871.9175,ladder,48.95935,False
871.9457,ladder,48.98755,False
871.9708,ladder,49.01257,False
871.9973,ladder,49.03912,False
872.0376,ladder,49.07941,False
872.0641,ladder,49.1059,False
872.0908,ladder,49.13257,False
872.1309,ladder,49.17267,False
872.1576,ladder,49.1994,False
872.1844,ladder,49.22626,False
872.2243,ladder,49.26611,False
872.2641,ladder,49.30591,False
872.3044,ladder,49.34625,False
872.3309,ladder,49.37274,False
872.371,ladder,49.41278,False
872.3975,ladder,49.43927,False
872.4379,ladder,49.47968,False
872.4778,ladder,49.51959,False
872.5175,ladder,49.55927,False
872.5439,ladder,49.58575,False
872.5842,ladder,49.62598,False
872.6108,ladder,49.65259,False
872.6511,ladder,49.69287,False
872.6775,ladder,49.7193,False
872.7178,ladder,49.75958,False
872.7441,ladder,49.78589,False
872.771,ladder,49.81281,False
872.8109,ladder,49.85272,False
872.8514,ladder,49.89319,False
872.8907,ladder,49.93256,False
872.9315,ladder,49.97333,False
872.9574,ladder,49.99921,False
872.9976,ladder,50.03943,False
873.0375,ladder,50.07935,False
873.0778,ladder,50.11957,False
873.1041,ladder,50.14587,False
873.1307,ladder,50.17249,False
873.1719,ladder,50.21368,False
873.2109,ladder,50.25275,False
873.2508,ladder,50.2926,False
873.2913,ladder,50.33313,False
873.3311,ladder,50.37292,False
873.3709,ladder,50.41272,False
873.4108,ladder,50.45258,False
873.4375,ladder,50.47931,False
873.4779,ladder,50.51971,False
873.5175,ladder,50.55927,False
873.5574,ladder,50.59924,False
873.5839,ladder,50.62573,False
873.6252,ladder,50.66705,False
873.6641,ladder,50.70593,False
873.7043,ladder,50.74609,False
873.7307,ladder,50.77246,False
873.7713,ladder,50.81311,False
873.8109,ladder,50.85272,False
873.8514,ladder,50.89325,False
873.9043,ladder,50.94611,False
873.958,ladder,50.99982,False
873.9974,ladder,51.03925,False
874.0378,ladder,51.07959,False
874.0641,ladder,51.10596,False
874.1042,ladder,51.14606,False
874.1307,ladder,51.17255,False
874.1575,ladder,51.19934,False
874.1843,ladder,51.22607,False
874.2246,ladder,51.26642,False
874.2641,ladder,51.30591,False
874.304,ladder,51.34583,False
874.3445,ladder,51.38629,False
874.3707,ladder,51.41248,False
874.3974,ladder,51.43921,False
874.4379,ladder,51.47974,False
874.464,ladder,51.5058,False
874.5042,ladder,51.54596,False
874.5306,ladder,51.57245,False
874.5722,ladder,51.61401,False
874.6108,ladder,51.65265,False
874.651,ladder,51.69281,False
874.6911,ladder,51.73291,False
874.7309,ladder,51.77271,False
874.7708,ladder,51.81256,False
874.7974,ladder,51.83917,False
874.8378,ladder,51.87964,False
874.8774,ladder,51.91925,False
874.9176,ladder,51.95941,False
874.9575,ladder,51.99933,False
874.984,ladder,52.02582,False
875.0247,ladder,52.06647,False
875.0642,ladder,52.10602,False
875.0911,ladder,52.13287,False
875.1308,ladder,52.17261,False
875.1581,ladder,52.19995,False
875.1974,ladder,52.23926,False
875.2379,ladder,52.27966,False
875.2641,ladder,52.30591,False
875.3041,ladder,52.34589,False
875.3442,ladder,52.38599,False
875.3842,ladder,52.42596,False
875.4246,ladder,52.46643,False
875.4642,ladder,52.50598,False
875.5042,ladder,52.54602,False
875.5442,ladder,52.586,False
875.5842,ladder,52.62598,False
875.6107,ladder,52.65247,False
875.6508,ladder,52.69257,False
875.6912,ladder,52.73303,False
875.7173,ladder,52.75916,False
875.7578,ladder,52.79962,False
875.7851,ladder,52.8269,False
875.8115,ladder,52.85327,False
875.8512,ladder,52.89301,False
875.8781,ladder,52.91992,False
875.9188,ladder,52.96063,False
875.9594,ladder,53.00122,False
875.9982,ladder,53.03998,False
876.0388,ladder,53.08063,False
876.0657,ladder,53.10754,False
876.0926,ladder,53.1344,False
876.1317,ladder,53.17346,False
876.171,ladder,53.21277,False
876.1989,ladder,53.24066,False
876.2383,ladder,53.28009,False
876.2786,ladder,53.32037,False
876.3187,ladder,53.36053,False
876.3729,ladder,53.41473,False
876.4119,ladder,53.45367,False
876.452,ladder,53.49377,False
876.4912,ladder,53.53302,False
876.5443,ladder,53.58612,False
876.598,ladder,53.63977,False
876.6378,ladder,53.67957,False
876.6777,ladder,53.71948,False
876.7042,ladder,53.74597,False
876.7307,ladder,53.77252,False
876.7708,ladder,53.81262,False
876.7978,ladder,53.8396,False
876.8375,ladder,53.87927,False
876.8779,ladder,53.91968,False
876.904,ladder,53.9458,False
876.9443,ladder,53.98608,False
876.9708,ladder,54.01257,False
876.9978,ladder,54.03961,False
877.0377,ladder,54.07953,False
877.0641,ladder,54.10596,False
877.1047,ladder,54.14648,False
877.1442,ladder,54.18604,False
877.1847,ladder,54.2265,False
877.2245,ladder,54.2663,False
877.2639,ladder,54.30566,False
877.291,ladder,54.33276,False
877.3311,ladder,54.37292,False
877.3708,ladder,54.4126,False
877.3979,ladder,54.43976,False
877.4374,ladder,54.47925,False
877.4911,ladder,54.5329,False
877.5447,ladder,54.58649,False
877.598,ladder,54.63977,False
877.6376,ladder,54.67938,False
877.6642,ladder,54.70605,False
877.7042,ladder,54.74597,False
877.731,ladder,54.77277,False
877.7581,ladder,54.79987,False
877.7977,ladder,54.83948,False
877.8375,ladder,54.87927,False
877.8774,ladder,54.91925,False
877.9039,ladder,54.94568,False
877.9442,ladder,54.98596,False
877.9706,ladder,55.01239,False
877.9979,ladder,55.03967,False
878.0372,ladder,55.07904,False
878.0773,ladder,55.11908,False
878.1173,ladder,55.15912,False
878.158,ladder,55.19983,False
878.1976,ladder,55.23938,False
878.2374,ladder,55.27917,False
878.2777,ladder,55.31952,False
878.3177,ladder,55.3595,False
878.3579,ladder,55.39972,False
878.4108,ladder,55.45264,False
878.4641,ladder,55.50592,False
878.5184,ladder,55.56024,False
878.571,ladder,55.61285,False
878.6242,ladder,55.66602,False
878.6782,ladder,55.71997,False
878.7308,ladder,55.77264,False
878.7841,ladder,55.82587,False
878.838,ladder,55.87976,False
878.8909,ladder,55.93274,False
878.9442,ladder,55.98596,False
878.9983,ladder,56.0401,False
879.0507,ladder,56.09253,False
879.1039,ladder,56.14575,False
879.1577,ladder,56.19952,False
879.2109,ladder,56.25269,False
879.2507,ladder,56.29248,False
879.2909,ladder,56.3327,False
879.3178,ladder,56.35962,False
879.3589,ladder,56.40076,False
879.3975,ladder,56.43933,False
879.4509,ladder,56.49268,False
879.4908,ladder,56.53265,False
879.5309,ladder,56.57269,False
879.5708,ladder,56.61261,False
879.5977,ladder,56.63953,False
879.6241,ladder,56.66595,False
879.6508,ladder,56.69257,False
879.6908,ladder,56.7326,False
879.7175,ladder,56.75928,False
879.7577,ladder,56.7995,False
879.7974,ladder,56.83917,False
879.8378,ladder,56.87958,False
879.8645,ladder,56.90631,False
879.904,ladder,56.9458,False
879.9307,ladder,56.97253,False
879.958,ladder,56.99982,False
879.9974,ladder,57.03925,False
880.0375,ladder,57.07935,False
880.0911,ladder,57.13293,False
880.1442,ladder,57.18597,False
880.1976,ladder,57.23938,False
880.2374,ladder,57.27924,False
880.2647,ladder,57.30652,False
880.3047,ladder,57.34656,False
880.3313,ladder,57.37311,False
880.3593,ladder,57.40106,False
880.3989,ladder,57.44073,False
880.3989,ladder,57.44073,True
880.5053,ladder,57.54712,False
880.559,ladder,57.60077,False
880.6117,ladder,57.6535,False
880.652,ladder,57.69379,False
880.7051,ladder,57.74689,False
880.7579,ladder,57.79968,False
880.7977,ladder,57.83948,False
880.8388,ladder,57.88062,False
880.8652,ladder,57.90698,False
880.892,ladder,57.93384,False
880.9323,ladder,57.97406,False
880.9575,ladder,57.99933,False
880.9841,ladder,58.02594,False
881.0241,ladder,58.06592,False
881.0641,ladder,58.10596,False
881.091,ladder,58.13281,False
881.1307,ladder,58.17249,False
881.1707,ladder,58.21252,False
881.2108,ladder,58.25262,False
881.2509,ladder,58.29266,False
881.2909,ladder,58.3327,False
881.3181,ladder,58.35992,False
881.3439,ladder,58.38574,False
881.3708,ladder,58.4126,False
881.3975,ladder,58.43933,False
881.4376,ladder,58.47937,False
881.4645,ladder,58.50635,False
881.5046,ladder,58.54639,False
881.5441,ladder,58.58594,False
881.5842,ladder,58.62598,False
881.6109,ladder,58.65271,False
881.651,ladder,58.69281,False
881.7042,ladder,58.74597,False
881.7582,ladder,58.80005,False
881.8108,ladder,58.8526,False
881.8643,ladder,58.90613,False
881.9175,ladder,58.95935,False
881.9576,ladder,58.99945,False
881.9843,ladder,59.02606,False
882.0243,ladder,59.0661,False
882.0642,ladder,59.10602,False
882.0909,ladder,59.13275,False
882.1309,ladder,59.17267,False
882.1577,ladder,59.19946,False
882.1973,ladder,59.23914,False
882.2241,ladder,59.26587,False
882.264,ladder,59.30579,False
882.304,ladder,59.34576,False
882.344,ladder,59.3858,False
882.3708,ladder,59.4126,False
882.4112,ladder,59.453,False
882.4648,ladder,59.50659,False
882.5184,ladder,59.56018,False
882.571,ladder,59.61285,False
882.6243,ladder,59.66608,False
882.6776,ladder,59.71936,False
882.7313,ladder,59.77307,False
882.771,ladder,59.81281,False
882.8246,ladder,59.86639,False
882.8782,ladder,59.92004,False
882.9308,ladder,59.9726,False
882.9841,ladder,60.02594,False
883.0377,ladder,60.07953,False
883.0909,ladder,60.13275,False
883.1448,ladder,60.18665,False
883.1841,ladder,60.22589,False
883.2377,ladder,60.27954,False
883.2908,ladder,60.33264,False
883.3441,ladder,60.38586,False
883.3975,ladder,60.43933,False
883.4508,ladder,60.49261,False
883.504,ladder,60.54578,False
883.5577,ladder,60.59949,False
883.6108,ladder,60.65265,False
883.6641,ladder,60.70593,False
883.7178,ladder,60.75958,False
883.7711,ladder,60.81293,False
883.8246,ladder,60.86639,False
883.8774,ladder,60.91919,False
883.9311,ladder,60.9729,False
883.9849,ladder,61.02673,False
884.0377,ladder,61.07947,False
884.0911,ladder,61.13293,False
884.1442,ladder,61.18604,False
884.1975,ladder,61.23932,False
884.2374,ladder,61.27917,False
884.2922,ladder,61.33398,False
884.3442,ladder,61.38605,False
884.3981,ladder,61.43994,False
884.4513,ladder,61.4931,False
884.5046,ladder,61.54639,False
884.5577,ladder,61.59955,False
884.6111,ladder,61.65289,False
884.6641,ladder,61.70593,False
884.718,ladder,61.75983,False
884.7711,ladder,61.81293,False
884.8115,ladder,61.85333,False
884.8652,ladder,61.90704,False
884.9185,ladder,61.96027,False
884.9719,ladder,62.01373,False
885.0247,ladder,62.06647,False
885.0648,ladder,62.10657,False
885.1186,ladder,62.1604,False
885.1713,ladder,62.21313,False
885.2123,ladder,62.25409,False
885.2653,ladder,62.30713,False
885.3189,ladder,62.36072,False
885.3727,ladder,62.41455,False
885.4252,ladder,62.46704,False
885.4786,ladder,62.52045,False
885.5325,ladder,62.57434,False
885.5846,ladder,62.6264,False
885.6378,ladder,62.67957,False
885.691,ladder,62.73285,False
885.744,ladder,62.78577,False
885.7975,ladder,62.83929,False
885.824,ladder,62.86578,False
885.8775,ladder,62.91931,False
885.931,ladder,62.97278,False
885.9842,ladder,63.026,False
886.0372,ladder,63.07904,False
886.0774,ladder,63.1192,False
886.131,ladder,63.17285,False
886.1844,ladder,63.22626,False
886.2241,ladder,63.26593,False
886.2778,ladder,63.31958,False
886.3173,ladder,63.35913,False
886.3708,ladder,63.4126,False
886.4243,ladder,63.46606,False
886.4772,ladder,63.51904,False
886.531,ladder,63.57281,False
886.5842,ladder,63.62598,False
886.6373,ladder,63.67908,False
886.691,ladder,63.73279,False
886.7451,ladder,63.78693,False
886.7979,ladder,63.83966,False
886.851,ladder,63.89276,False
886.9043,ladder,63.94611,False
886.9577,ladder,63.99951,False
887.0107,ladder,64.05255,False
887.0642,ladder,64.10602,False
887.1181,ladder,64.15991,False
887.171,ladder,64.21277,False
887.2244,ladder,64.26617,False
887.2775,ladder,64.31927,False
887.3308,ladder,64.37262,False
887.371,ladder,64.41278,False
887.4243,ladder,64.46606,False
887.4786,ladder,64.52045,False
887.5308,ladder,64.57263,False
887.5844,ladder,64.62616,False
887.6376,ladder,64.67938,False
887.6783,ladder,64.72015,False
887.732,ladder,64.7738,False
887.7856,ladder,64.82739,False
887.8386,ladder,64.88043,False
887.892,ladder,64.93378,False
887.9451,ladder,64.98688,False
887.985,ladder,65.02686,False
888.0394,ladder,65.08124,False
888.0914,ladder,65.13318,False
888.1453,ladder,65.18713,False
888.1989,ladder,65.24072,False
888.2387,ladder,65.28052,False
888.2789,ladder,65.32074,False
888.3308,ladder,65.37262,False
888.384,ladder,65.42584,False
888.4375,ladder,65.47931,False
888.491,ladder,65.53284,False
888.5442,ladder,65.586,False
888.605,ladder,65.64679,False
888.6651,ladder,65.70691,False
888.7175,ladder,65.75934,False
888.7712,ladder,65.81305,False
888.8242,ladder,65.86597,False
888.8773,ladder,65.91907,False
888.931,ladder,65.97284,False
888.9843,ladder,66.02612,False
889.0375,ladder,66.07935,False
889.0908,ladder,66.13263,False
889.1323,ladder,66.17413,False
889.1841,ladder,66.22589,False
889.2377,ladder,66.27954,False
889.291,ladder,66.33276,False
889.3306,ladder,66.37238,False
889.3859,ladder,66.42767,False
889.424,ladder,66.46582,False
889.4519,ladder,66.49371,False
889.4774,ladder,66.51917,False
889.5181,ladder,66.55994,False
889.5707,ladder,66.61255,False
889.6242,ladder,66.66602,False
889.6782,ladder,66.71997,False
889.7307,ladder,66.77246,False
889.784,ladder,66.82581,False
889.8374,ladder,66.87921,False
889.8912,ladder,66.93298,False
889.9452,ladder,66.987,False
889.9979,ladder,67.03973,False
890.0507,ladder,67.09247,False
890.104,ladder,67.14581,False
890.144,ladder,67.18585,False
890.1976,ladder,67.23938,False
890.2372,ladder,67.27905,False
890.291,ladder,67.33282,False
890.3441,ladder,67.38593,False
890.3848,ladder,67.42657,False
890.438,ladder,67.47986,False
890.4651,ladder,67.50696,False
890.5187,ladder,67.56055,False
890.5587,ladder,67.60052,False
890.6122,ladder,67.65405,False
890.6651,ladder,67.70691,False
890.7051,ladder,67.74689,False
890.7582,ladder,67.79999,False
890.8115,ladder,67.85333,False
890.8521,ladder,67.89392,False
890.9056,ladder,67.94739,False
890.9579,ladder,67.99969,False
891.0122,ladder,68.05402,False
891.064,ladder,68.10577,False
891.1173,ladder,68.15912,False
891.1712,ladder,68.21301,False
891.2242,ladder,68.26599,False
891.2773,ladder,68.31909,False
891.3308,ladder,68.37262,False
891.3707,ladder,68.41248,False
891.3974,ladder,68.43921,False
891.4241,ladder,68.46588,False
891.4778,ladder,68.51965,False
891.5311,ladder,68.57288,False
891.584,ladder,68.62579,False
891.6375,ladder,68.67926,False
891.6909,ladder,68.73267,False
891.7308,ladder,68.77258,False
891.7843,ladder,68.82611,False
891.8241,ladder,68.86591,False
891.8776,ladder,68.91943,False
891.9312,ladder,68.97296,False
891.984,ladder,69.02582,False
892.0375,ladder,69.07928,False
892.0911,ladder,69.13293,False
892.1307,ladder,69.17255,False
892.1846,ladder,69.22644,False
892.2375,ladder,69.27936,False
892.2908,ladder,69.33258,False
892.3307,ladder,69.3725,False
892.3839,ladder,69.42572,False
892.4379,ladder,69.47974,False
892.4908,ladder,69.53265,False
892.544,ladder,69.58582,False
892.5974,ladder,69.63916,False
892.6511,ladder,69.69287,False
892.7043,ladder,69.74609,False
892.7439,ladder,69.78571,False
892.7979,ladder,69.83966,False
892.851,ladder,69.89282,False
892.891,ladder,69.9328,False
892.944,ladder,69.98578,False
892.9977,ladder,70.03955,False
893.0506,ladder,70.09241,False
893.1041,ladder,70.14594,False
893.1575,ladder,70.19934,False
893.1974,ladder,70.2392,False
893.2508,ladder,70.2926,False
893.3041,ladder,70.34595,False
893.3574,ladder,70.39923,False
893.4105,ladder,70.45233,False
893.4644,ladder,70.50623,False
893.5176,ladder,70.55939,False
893.5707,ladder,70.61255,False
893.6246,ladder,70.66644,False
893.6776,ladder,70.71942,False
893.7308,ladder,70.77258,False
893.784,ladder,70.82581,False
893.8375,ladder,70.87927,False
893.8909,ladder,70.93274,False
893.9308,ladder,70.97266,False
893.9841,ladder,71.02594,False
894.0242,ladder,71.06598,False
894.0774,ladder,71.1192,False
894.131,ladder,71.17279,False
894.1847,ladder,71.2265,False
894.2373,ladder,71.27911,False
894.264,ladder,71.30579,False
894.304,ladder,71.34576,False
894.3306,ladder,71.37244,False
894.3577,ladder,71.39948,False
894.3975,ladder,71.43927,False
894.4507,ladder,71.49255,False
894.5044,ladder,71.5462,False
894.5581,ladder,71.59991,False
894.5974,ladder,71.63922,False
894.624,ladder,71.66583,False
894.6773,ladder,71.71912,False
894.7188,ladder,71.76062,False
894.7719,ladder,71.81372,False
894.8252,ladder,71.867,False
894.8649,ladder,71.90674,False
894.9189,ladder,71.96069,False
894.9715,ladder,72.01331,False
895.0247,ladder,72.06647,False
895.0787,ladder,72.12048,False
895.1181,ladder,72.15991,False
895.1713,ladder,72.21313,False
895.2252,ladder,72.26703,False
895.2786,ladder,72.32043,False
895.3188,ladder,72.36066,False
895.3716,ladder,72.41345,False
895.4254,ladder,72.46722,False
895.4643,ladder,72.5061,False
895.5175,ladder,72.55927,False
895.5707,ladder,72.61255,False
895.6107,ladder,72.65253,False
895.6641,ladder,72.70593,False
895.7176,ladder,72.7594,False
895.7438,ladder,72.78558,False
895.771,ladder,72.81281,False
895.8106,ladder,72.85242,False
895.8507,ladder,72.89252,False
895.904,ladder,72.9458,False
895.9439,ladder,72.98572,False
895.9842,ladder,73.026,False
896.0386,ladder,73.08044,False
896.0907,ladder,73.13251,False
896.1444,ladder,73.18622,False
896.184,ladder,73.22577,False
896.2375,ladder,73.27936,False
896.2908,ladder,73.33258,False
896.3444,ladder,73.38623,False
896.3975,ladder,73.43933,False
896.4506,ladder,73.49237,False
896.4905,ladder,73.53235,False
896.544,ladder,73.58582,False
896.584,ladder,73.62585,False
896.6374,ladder,73.6792,False
896.6909,ladder,73.73267,False
896.7446,ladder,73.78638,False
896.7978,ladder,73.8396,False
896.8375,ladder,73.87927,False
896.8906,ladder,73.93237,False
896.9456,ladder,73.98737,False
896.9973,ladder,74.03912,False
897.0511,ladder,74.09296,False
897.1042,ladder,74.14606,False
897.1573,ladder,74.1991,False
897.2108,ladder,74.25262,False
897.2649,ladder,74.3067,False
897.3039,ladder,74.3457,False
897.3577,ladder,74.39948,False
897.4108,ladder,74.45258,False
897.4641,ladder,74.50586,False
897.504,ladder,74.54584,False
897.5578,ladder,74.59961,False
897.6105,ladder,74.65234,False
897.6511,ladder,74.69287,False
897.7046,ladder,74.7464,False
897.7575,ladder,74.79932,False
897.8108,ladder,74.8526,False
897.8647,ladder,74.90656,False
897.9174,ladder,74.95923,False
897.9708,ladder,75.01257,False
898.0243,ladder,75.0661,False
898.0775,ladder,75.11932,False
898.1316,ladder,75.1734,False
898.1706,ladder,75.2124,False
898.2241,ladder,75.26593,False
898.2792,ladder,75.32098,False
898.3308,ladder,75.37262,False
898.3705,ladder,75.41235,False
898.4249,ladder,75.46674,False
898.4777,ladder,75.51953,False
898.5309,ladder,75.57275,False
898.584,ladder,75.62579,False
898.6376,ladder,75.67944,False
898.6907,ladder,75.73254,False
898.744,ladder,75.78577,False
898.7974,ladder,75.83917,False
898.8239,ladder,75.86566,False
898.8773,ladder,75.91913,False
898.9306,ladder,75.97241,False
898.9855,ladder,76.02728,False
899.0389,ladder,76.08075,False
899.0781,ladder,76.11987,False
899.1309,ladder,76.17267,False
899.1851,ladder,76.22687,False
899.2386,ladder,76.2804,False
899.2923,ladder,76.33411,False
899.3318,ladder,76.37366,False
899.3851,ladder,76.42688,False
899.4395,ladder,76.48126,False
899.4916,ladder,76.53345,False
899.5451,ladder,76.58691,False
899.5851,ladder,76.62695,False
899.6387,ladder,76.68048,False
899.6907,ladder,76.73254,False
899.7438,ladder,76.78564,False
899.7974,ladder,76.83923,False
899.8505,ladder,76.89233,False
899.9048,ladder,76.94666,False
899.9576,ladder,76.99939,False
900.011,ladder,77.05286,False
900.0645,ladder,77.10626,False
900.1175,ladder,77.1593,False
900.1709,ladder,77.21271,False
900.2245,ladder,77.2663,False
900.2775,ladder,77.31927,False
900.3306,ladder,77.37244,False
900.3848,ladder,77.42657,False
900.4382,ladder,77.47998,False
900.4913,ladder,77.53314,False
900.5444,ladder,77.58618,False
900.5975,ladder,77.63928,False
900.6506,ladder,77.69244,False
900.704,ladder,77.74579,False
900.7587,ladder,77.80054,False
900.8105,ladder,77.85236,False
900.864,ladder,77.90576,False
900.9175,ladder,77.95929,False
900.9706,ladder,78.01245,False
901.0242,ladder,78.06604,False
901.0776,ladder,78.11945,False
901.1307,ladder,78.17255,False
901.1845,ladder,78.22632,False
901.2374,ladder,78.27917,False
901.2911,ladder,78.33289,False
901.3439,ladder,78.38568,False
901.3974,ladder,78.43921,False
901.4511,ladder,78.49292,False
901.5043,ladder,78.54614,False
901.5583,ladder,78.6001,False
901.6107,ladder,78.65253,False
901.6639,ladder,78.70575,False
901.7179,ladder,78.7597,False
901.7706,ladder,78.81244,False
901.8242,ladder,78.86597,False
901.8776,ladder,78.91943,False
901.9305,ladder,78.97235,False
901.9847,ladder,79.02649,False
902.0379,ladder,79.07971,False
902.0906,ladder,79.13245,False
902.1443,ladder,79.1861,False
902.1975,ladder,79.23932,False
902.2507,ladder,79.29248,False
902.3044,ladder,79.34625,False
902.3592,ladder,79.401,False
902.4119,ladder,79.45374,False
902.4661,ladder,79.50793,False
902.518,ladder,79.55981,False
902.5729,ladder,79.61475,False
902.6253,ladder,79.66711,False
902.6788,ladder,79.72064,False
902.731,ladder,79.77277,False
902.7855,ladder,79.82727,False
902.8383,ladder,79.88013,False
902.8923,ladder,79.93414,False
902.9445,ladder,79.98633,False
902.9976,ladder,80.03937,False
903.0509,ladder,80.09271,False
903.1044,ladder,80.14624,False
903.1573,ladder,80.19916,False
903.2107,ladder,80.2525,False
903.2646,ladder,80.3064,False
903.3175,ladder,80.35931,False
903.371,ladder,80.41284,False
903.424,ladder,80.46576,False
903.4775,ladder,80.51935,False
903.5172,ladder,80.55902,False
903.5712,ladder,80.61298,False
903.6241,ladder,80.66589,False
903.6778,ladder,80.7196,False
903.7306,ladder,80.7724,False
903.7839,ladder,80.82568,False
903.8376,ladder,80.87939,False
903.8907,ladder,80.93256,False
903.9439,ladder,80.98572,False
903.9975,ladder,81.03931,False
904.0371,ladder,81.07892,False
904.0911,ladder,81.13287,False
904.144,ladder,81.18579,False
904.1977,ladder,81.2395,False
904.2507,ladder,81.29248,False
904.304,ladder,81.34583,False
904.3574,ladder,81.39923,False
904.3973,ladder,81.43909,False
904.4516,ladder,81.49341,False
904.504,ladder,81.54578,False
904.5578,ladder,81.59961,False
904.6105,ladder,81.65234,False
904.6639,ladder,81.70569,False
904.7039,ladder,81.74567,False
904.7578,ladder,81.79956,False
904.811,ladder,81.85284,False
904.8642,ladder,81.90601,False
904.9174,ladder,81.95917,False
904.971,ladder,82.01282,False
905.0107,ladder,82.05255,False
905.0648,ladder,82.10663,False
905.1176,ladder,82.15936,False
905.1706,ladder,82.2124,False
905.2242,ladder,82.26599,False
905.2909,ladder,82.3327,False
905.3441,ladder,82.38586,False
905.3974,ladder,82.43921,False
905.4511,ladder,82.49292,False
905.504,ladder,82.54578,False
905.5573,ladder,82.59906,False
905.6107,ladder,82.65253,False
905.6639,ladder,82.70569,False
905.7177,ladder,82.75952,False
905.7706,ladder,82.81244,False
905.824,ladder,82.86578,False
905.8771,ladder,82.91895,False
905.9308,ladder,82.9726,False
905.9846,ladder,83.02637,False
928.5975,ladder,105.6393,True
961.0102,ladder,138.052,False
963.8103,ladder,140.8521,True
1003.076,air,14.01312,False
1006.01,ladder,183.0516,False
1006.023,ladder,183.0646,False
1006.05,ladder,183.0919,False
1006.076,ladder,183.1182,False
1006.089,ladder,183.1313,False
1006.116,ladder,183.1582,False
1006.13,ladder,183.1713,False
1006.156,ladder,183.1983,False
1006.169,ladder,183.2113,False
1006.197,ladder,183.2387,False
1006.223,ladder,183.2651,False
1006.25,ladder,183.2919,False
1006.277,ladder,183.3187,False
1006.303,ladder,183.3448,False
1006.33,ladder,183.3715,False
1006.343,ladder,183.3851,False
1006.37,ladder,183.4114,False
1006.396,ladder,183.438,False
1006.423,ladder,183.4649,False
1006.45,ladder,183.4915,False
1006.476,ladder,183.5182,False
1006.503,ladder,183.5452,False
1006.53,ladder,183.5715,False
1006.556,ladder,183.5981,False
1006.583,ladder,183.6253,False
1006.609,ladder,183.6513,False
1006.636,ladder,183.678,False
1006.664,ladder,183.7057,False
1006.69,ladder,183.7313,False
1006.703,ladder,183.7445,False
1006.73,ladder,183.7716,False
1006.757,ladder,183.7983,False
1006.783,ladder,183.8248,False
1006.81,ladder,183.8523,False
1006.836,ladder,183.8779,False
1006.863,ladder,183.9048,False
1006.89,ladder,183.9315,False
1006.916,ladder,183.958,False
1006.943,ladder,183.9848,False
1006.97,ladder,184.0115,False
1006.983,ladder,184.0251,False
1007.01,ladder,184.0516,False
1007.023,ladder,184.0646,False
1007.05,ladder,184.0916,False
1007.076,ladder,184.118,False
1007.103,ladder,184.1447,False
1007.131,ladder,184.1729,False
1007.157,ladder,184.1985,False
1007.169,ladder,184.2112,False
1007.197,ladder,184.2386,False
1007.223,ladder,184.2646,False
1007.25,ladder,184.2914,False
1007.263,ladder,184.3047,False
1007.29,ladder,184.3315,False
1007.303,ladder,184.3446,False
1007.33,ladder,184.3716,False
1007.343,ladder,184.3846,False
1007.37,ladder,184.4113,False
1007.396,ladder,184.4381,False
1007.409,ladder,184.4512,False
1007.436,ladder,184.4781,False
1007.449,ladder,184.4913,False
1007.478,ladder,184.5193,False
1007.503,ladder,184.545,False
1007.53,ladder,184.5714,False
1007.543,ladder,184.5847,False
1007.57,ladder,184.6115,False
1007.583,ladder,184.6245,False
1007.61,ladder,184.6516,False
1007.623,ladder,184.6646,False
1007.649,ladder,184.6913,False
1007.663,ladder,184.7045,False
1007.69,ladder,184.7318,False
1007.703,ladder,184.7444,False
1007.73,ladder,184.7714,False
1007.743,ladder,184.7844,False
1007.77,ladder,184.812,False
1007.796,ladder,184.838,False
1007.809,ladder,184.8512,False
1007.836,ladder,184.8782,False
1007.864,ladder,184.9055,False
1007.89,ladder,184.9314,False
1007.903,ladder,184.9446,False
1007.93,ladder,184.9716,False
1007.956,ladder,184.9981,False
1007.969,ladder,185.0112,False
1007.996,ladder,185.038,False
1008.023,ladder,185.0648,False
1008.05,ladder,185.0916,False
1008.076,ladder,185.118,False
1008.103,ladder,185.1449,False
1008.13,ladder,185.1714,False
1008.143,ladder,185.1844,False
1008.169,ladder,185.2113,False
1008.183,ladder,185.2248,False
1008.21,ladder,185.2516,False
1008.236,ladder,185.2781,False
1008.263,ladder,185.3047,False
1008.29,ladder,185.3314,False
1008.303,ladder,185.3446,False
1008.33,ladder,185.3713,False
1008.343,ladder,185.3846,False
1008.37,ladder,185.4114,False
1008.397,ladder,185.4385,False
1008.423,ladder,185.4647,False
1008.45,ladder,185.4916,False
1008.476,ladder,185.518,False
1008.503,ladder,185.5447,False
1008.531,ladder,185.5727,False
1008.557,ladder,185.5986,False
1008.583,ladder,185.6248,False
1008.61,ladder,185.6517,False
1008.636,ladder,185.678,False
1008.663,ladder,185.705,False
1008.69,ladder,185.7316,False
1008.716,ladder,185.758,False
1008.729,ladder,185.7713,False
1008.757,ladder,185.7986,False
1008.783,ladder,185.8247,False
1008.81,ladder,185.8514,False
1008.836,ladder,185.8781,False
1008.863,ladder,185.9047,False
1008.89,ladder,185.9313,False
1008.916,ladder,185.9581,False
1008.943,ladder,185.9847,False
1008.969,ladder,186.0112,False
1008.983,ladder,186.0247,False
1009.01,ladder,186.0515,False
1009.036,ladder,186.078,False
1009.064,ladder,186.1055,False
1009.09,ladder,186.1315,False
1009.116,ladder,186.158,False
1009.13,ladder,186.1714,False
1009.157,ladder,186.1985,False
1009.183,ladder,186.2247,False
1009.21,ladder,186.2515,False
1009.223,ladder,186.265,False
1009.25,ladder,186.2915,False
1009.276,ladder,186.3182,False
1009.303,ladder,186.3447,False
1009.33,ladder,186.3713,False
1009.343,ladder,186.3846,False
1009.37,ladder,186.4115,False
1009.396,ladder,186.438,False
1009.41,ladder,186.4514,False
1009.436,ladder,186.4779,False
1009.449,ladder,186.491,False
1009.476,ladder,186.5181,False
1009.49,ladder,186.5313,False
1009.517,ladder,186.5587,False
1009.543,ladder,186.5849,False
1009.57,ladder,186.6116,False
1009.596,ladder,186.638,False
1009.609,ladder,186.6512,False
1009.636,ladder,186.6782,False
1009.663,ladder,186.7047,False
1009.69,ladder,186.7319,False
1009.716,ladder,186.7579,False
1009.743,ladder,186.7849,False
1009.77,ladder,186.8115,False
1009.797,ladder,186.8385,False
1009.823,ladder,186.8648,False
1009.849,ladder,186.8912,False
1009.863,ladder,186.9046,False
1009.89,ladder,186.9317,False
1009.903,ladder,186.9446,False
1009.93,ladder,186.9715,False
1009.957,ladder,186.9984,False
1009.983,ladder,187.0247,False
1010.01,ladder,187.0516,False
1010.037,ladder,187.0785,False
1010.063,ladder,187.1048,False
1010.09,ladder,187.132,False
1010.116,ladder,187.1582,False
1010.143,ladder,187.1846,False
1010.17,ladder,187.2114,False
1010.196,ladder,187.238,False
1010.21,ladder,187.2513,False
1010.236,ladder,187.2783,False
1010.249,ladder,187.2912,False
1010.276,ladder,187.3179,False
1010.289,ladder,187.3312,False
1010.316,ladder,187.3578,False
1010.33,ladder,187.3714,False
1010.356,ladder,187.3978,False
1010.37,ladder,187.4113,False
1010.397,ladder,187.4388,False
1010.423,ladder,187.4648,False
1010.45,ladder,187.4914,False
1010.463,ladder,187.5046,False
1010.49,ladder,187.5315,False
1010.516,ladder,187.558,False
1010.529,ladder,187.5712,False
1010.556,ladder,187.5981,False
1010.57,ladder,187.6116,False
1010.598,ladder,187.6395,False
1010.623,ladder,187.6646,False
1010.649,ladder,187.6913,False
1010.663,ladder,187.7046,False
1010.69,ladder,187.7315,False
1010.716,ladder,187.7583,False
1010.743,ladder,187.7848,False
1010.77,ladder,187.8115,False
1010.783,ladder,187.8245,False
1010.81,ladder,187.8517,False
1010.836,ladder,187.878,False
1010.849,ladder,187.8912,False
1010.877,ladder,187.9185,False
1010.903,ladder,187.945,False
1010.93,ladder,187.9714,False
1010.956,ladder,187.9982,False
1010.969,ladder,188.0111,False
1010.996,ladder,188.038,False
1011.009,ladder,188.0513,False
1011.036,ladder,188.078,False
1011.049,ladder,188.0911,False
1011.076,ladder,188.1179,False
1011.103,ladder,188.1447,False
1011.129,ladder,188.1713,False
1011.143,ladder,188.1844,False
1011.17,ladder,188.2114,False
1011.183,ladder,188.2245,False
1011.21,ladder,188.2515,False
1011.236,ladder,188.2779,False
1011.249,ladder,188.2913,False
1011.276,ladder,188.318,False
1011.303,ladder,188.3447,False
1011.33,ladder,188.3714,False
1011.343,ladder,188.3845,False
1011.37,ladder,188.4115,False
1011.396,ladder,188.4379,False
1011.409,ladder,188.4513,False
1011.436,ladder,188.4782,False
1011.463,ladder,188.5047,False
1011.49,ladder,188.5314,False
1011.503,ladder,188.5447,False
1011.53,ladder,188.5715,False
1011.557,ladder,188.5986,False
1011.583,ladder,188.6248,False
1011.61,ladder,188.6514,False
1011.623,ladder,188.6646,False
1011.65,ladder,188.6915,False
1011.676,ladder,188.718,False
1011.69,ladder,188.7314,False
1011.716,ladder,188.758,False
1011.729,ladder,188.7713,False
1011.756,ladder,188.7982,False
1011.769,ladder,188.8111,False
1011.796,ladder,188.838,False
1011.81,ladder,188.8515,False
1011.836,ladder,188.8779,False
1011.863,ladder,188.905,False
1011.89,ladder,188.9314,False
1011.918,ladder,188.9597,False
1011.943,ladder,188.9849,False
1011.969,ladder,189.0113,False
1011.983,ladder,189.0244,False
1012.009,ladder,189.0513,False
1012.023,ladder,189.0651,False
1012.05,ladder,189.0919,False
1012.076,ladder,189.1181,False
1012.089,ladder,189.1312,False
1012.116,ladder,189.158,False
1012.129,ladder,189.1711,False
1012.156,ladder,189.1979,False
1012.169,ladder,189.2112,False
1012.197,ladder,189.2385,False
1012.223,ladder,189.2647,False
1012.25,ladder,189.2916,False
1012.277,ladder,189.3184,False
1012.303,ladder,189.3448,False
1012.33,ladder,189.3715,False
1012.357,ladder,189.3989,False
1012.383,ladder,189.4249,False
1012.41,ladder,189.4518,False
1012.436,ladder,189.4781,False
1012.463,ladder,189.5049,False
1012.49,ladder,189.5314,False
1012.503,ladder,189.5445,False
1012.53,ladder,189.5714,False
1012.543,ladder,189.5846,False
1012.57,ladder,189.6116,False
1012.597,ladder,189.6385,False
1012.623,ladder,189.665,False
1012.65,ladder,189.6915,False
1012.676,ladder,189.718,False
1012.703,ladder,189.7452,False
1012.73,ladder,189.7714,False
1012.757,ladder,189.7986,False
1012.783,ladder,189.8247,False
1012.81,ladder,189.8514,False
1012.823,ladder,189.8644,False
1012.85,ladder,189.8915,False
1012.876,ladder,189.918,False
1012.903,ladder,189.9451,False
1012.929,ladder,189.9712,False
1012.956,ladder,189.998,False
1012.969,ladder,190.0112,False
1012.996,ladder,190.0381,False
1013.009,ladder,190.0511,False
1013.036,ladder,190.0782,False
1013.063,ladder,190.1047,False
1013.089,ladder,190.1312,False
1013.103,ladder,190.1444,False
1013.13,ladder,190.1719,False
1013.156,ladder,190.1979,False
1013.169,ladder,190.2111,False
1013.196,ladder,190.238,False
1013.209,ladder,190.2513,False
1013.236,ladder,190.278,False
1013.249,ladder,190.2913,False
1013.277,ladder,190.3186,False
1013.303,ladder,190.345,False
1013.33,ladder,190.3713,False
1013.343,ladder,190.3846,False
1013.37,ladder,190.4116,False
1013.383,ladder,190.4245,False
1013.41,ladder,190.4515,False
1013.423,ladder,190.4644,False
1013.449,ladder,190.4912,False
1013.463,ladder,190.5045,False
1013.49,ladder,190.5316,False
1013.503,ladder,190.545,False
1013.53,ladder,190.5716,False
1013.543,ladder,190.5847,False
1013.57,ladder,190.6115,False
1013.583,ladder,190.6245,False
1013.61,ladder,190.6515,False
1013.623,ladder,190.6645,False
1013.65,ladder,190.6919,False
1013.676,ladder,190.718,False
1013.689,ladder,190.7313,False
1013.716,ladder,190.7582,False
1013.743,ladder,190.7847,False
1013.77,ladder,190.8115,False
1013.783,ladder,190.8245,False
1013.81,ladder,190.8515,False
1013.837,ladder,190.8784,False
1013.863,ladder,190.9052,False
1013.89,ladder,190.9314,False
1013.903,ladder,190.9444,False
1013.93,ladder,190.972,False
1013.956,ladder,190.9983,False
1013.983,ladder,191.0247,False
1014.009,ladder,191.0513,False
1014.023,ladder,191.0647,False
1014.049,ladder,191.0913,False
1014.063,ladder,191.1045,False
1014.09,ladder,191.1315,False
1014.116,ladder,191.1579,False
1014.129,ladder,191.1712,False
1014.156,ladder,191.1982,False
1014.17,ladder,191.2114,False
1014.196,ladder,191.2382,False
1014.224,ladder,191.2653,False
1014.25,ladder,191.2915,False
1014.276,ladder,191.318,False
1014.303,ladder,191.3448,False
1014.33,ladder,191.3714,False
1014.356,ladder,191.3981,False
1014.369,ladder,191.4111,False
1014.396,ladder,191.4379,False
1014.41,ladder,191.4514,False
1014.436,ladder,191.4783,False
1014.45,ladder,191.4915,False
1014.476,ladder,191.518,False
1014.503,ladder,191.545,False
1014.53,ladder,191.5715,False
1014.556,ladder,191.5981,False
1014.584,ladder,191.6257,False
1014.61,ladder,191.6515,False
1014.623,ladder,191.6647,False
1014.65,ladder,191.6915,False
1014.663,ladder,191.7045,False
1014.69,ladder,191.7316,False
1014.717,ladder,191.7586,False
1014.743,ladder,191.7847,False
1014.77,ladder,191.8116,False
1014.783,ladder,191.8245,False
1014.81,ladder,191.8516,False
1014.836,ladder,191.8781,False
1014.85,ladder,191.8914,False
1014.876,ladder,191.9179,False
1014.903,ladder,191.9447,False
1014.93,ladder,191.9713,False
1014.943,ladder,191.9845,False
1014.97,ladder,192.0114,False
1014.983,ladder,192.0245,False
1015.01,ladder,192.0517,False
1015.036,ladder,192.0778,False
1015.049,ladder,192.0911,False
1015.076,ladder,192.1181,False
1015.089,ladder,192.1313,False
1015.116,ladder,192.1579,False
1015.129,ladder,192.1712,False
1015.157,ladder,192.1987,False
1015.183,ladder,192.2249,False
1015.21,ladder,192.2513,False
1015.223,ladder,192.2646,False
1015.25,ladder,192.2914,False
1015.276,ladder,192.3179,False
1015.289,ladder,192.3312,False
1015.316,ladder,192.358,False
1015.329,ladder,192.3711,False
1015.357,ladder,192.3986,False
1015.383,ladder,192.4247,False
1015.409,ladder,192.4512,False
1015.423,ladder,192.4647,False
1015.45,ladder,192.4914,False
1015.476,ladder,192.5181,False
1015.503,ladder,192.5449,False
1015.53,ladder,192.5715,False
1015.556,ladder,192.5981,False
1015.583,ladder,192.6251,False
1015.609,ladder,192.6513,False
1015.623,ladder,192.665,False
1015.65,ladder,192.6915,False
1015.677,ladder,192.7184,False
1015.69,ladder,192.7313,False
1015.716,ladder,192.7582,False
1015.743,ladder,192.7845,False
1015.77,ladder,192.8115,False
1015.797,ladder,192.8385,False
1015.809,ladder,192.8513,False
1015.836,ladder,192.8781,False
1015.863,ladder,192.9053,False
1015.89,ladder,192.9313,False
1015.903,ladder,192.9444,False
1015.93,ladder,192.9714,False
1015.956,ladder,192.9979,False
1015.983,ladder,193.0251,False
1016.01,ladder,193.0514,False
1016.023,ladder,193.0645,False
1016.049,ladder,193.0913,False
1016.063,ladder,193.1046,False
1016.09,ladder,193.1314,False
1016.116,ladder,193.158,False
1016.13,ladder,193.1714,False
1016.156,ladder,193.1979,False
1016.169,ladder,193.2112,False
1016.197,ladder,193.2386,False
1016.223,ladder,193.2647,False
1016.249,ladder,193.2912,False
1016.263,ladder,193.3045,False
1016.289,ladder,193.3313,False
1016.316,ladder,193.358,False
1016.329,ladder,193.3712,False
1016.356,ladder,193.3981,False
1016.369,ladder,193.4112,False
1016.396,ladder,193.4381,False
1016.423,ladder,193.465,False
1016.45,ladder,193.4914,False
1016.476,ladder,193.5182,False
1016.489,ladder,193.5312,False
1016.516,ladder,193.558,False
1016.529,ladder,193.5712,False
1016.556,ladder,193.5981,False
1016.569,air,13.4931,False
1016.569,ladder,193.6112,False
1016.596,ladder,193.6379,False
1016.61,ladder,193.6516,False
1016.636,ladder,193.6783,False
1016.663,ladder,193.7048,False
1016.689,ladder,193.7313,False
1016.703,ladder,193.7446,False
1016.73,ladder,193.7714,False
1016.743,ladder,193.7845,False
1016.77,ladder,193.8116,False
1016.783,ladder,193.8244,False
1016.81,ladder,193.8514,False
1016.823,ladder,193.8645,False
1016.85,ladder,193.8915,False
1016.876,ladder,193.918,False
1016.889,ladder,193.9311,False
1016.916,ladder,193.9579,False
1016.943,ladder,193.985,False
1016.97,ladder,194.012,False
1016.996,ladder,194.0382,False
1017.009,ladder,194.0513,False
1017.036,ladder,194.0779,False
1017.049,ladder,194.091,False
1017.077,ladder,194.1184,False
1017.103,ladder,194.1447,False
1017.13,ladder,194.1714,False
1017.143,ladder,194.1849,False
1017.17,ladder,194.2115,False
1017.196,ladder,194.238,False
1017.21,ladder,194.2513,False
1017.236,ladder,194.278,False
1017.263,ladder,194.3047,False
1017.29,ladder,194.3314,False
1017.303,ladder,194.3444,False
1017.33,ladder,194.3715,False
1017.343,ladder,194.3845,False
1017.37,ladder,194.4117,False
1017.383,ladder,194.4244,False
1017.409,ladder,194.4512,False
1017.423,ladder,194.4645,False
1017.45,ladder,194.4914,False
1017.463,ladder,194.5044,False
1017.49,ladder,194.5323,False
1017.516,ladder,194.558,False
1017.529,ladder,194.5712,False
1017.556,ladder,194.5981,False
1017.569,ladder,194.6112,False
1017.596,ladder,194.6381,False
1017.609,ladder,194.6512,False
1017.636,ladder,194.6782,False
1017.663,ladder,194.705,False
1017.689,ladder,194.7313,False
1017.703,ladder,194.7443,False
1017.73,ladder,194.7718,False
1017.756,ladder,194.798,False
1017.769,ladder,194.811,False
1017.797,ladder,194.8384,False
1017.81,ladder,194.8513,False
1017.837,ladder,194.8787,False
1017.863,ladder,194.9047,False
1017.889,ladder,194.9312,False
1017.903,ladder,194.9445,False
1017.93,ladder,194.9719,False
1017.956,ladder,194.998,False
1017.969,ladder,195.0112,False
1017.997,ladder,195.0393,False
1018.023,ladder,195.0653,False
1018.05,ladder,195.0914,False
1018.077,ladder,195.1187,False
1018.103,ladder,195.1447,False
1018.129,ladder,195.1713,False
1018.143,ladder,195.1845,False
1018.169,ladder,195.2113,False
1018.183,ladder,195.2244,False
1018.21,ladder,195.2516,False
1018.237,ladder,195.2783,False
1018.263,ladder,195.3051,False
1018.29,ladder,195.3315,False
1018.303,ladder,195.3444,False
1018.33,ladder,195.3715,False
1018.343,ladder,195.3845,False
1018.37,ladder,195.4121,False
1018.397,ladder,195.4385,False
1018.423,ladder,195.4645,False
1018.45,ladder,195.4921,False
1018.476,ladder,195.5181,False
1018.503,ladder,195.5453,False
1018.53,ladder,195.5719,False
1018.556,ladder,195.5981,False
1018.569,ladder,195.6111,False
1018.597,ladder,195.6386,False
1018.623,ladder,195.6646,False
1018.649,ladder,195.6913,False
1018.663,ladder,195.7045,False
1018.689,ladder,195.7311,False
1018.703,ladder,195.7445,False
1018.73,ladder,195.7715,False
1018.743,ladder,195.7845,False
1018.77,ladder,195.8115,False
1018.783,ladder,195.8245,False
1018.81,ladder,195.8515,False
1018.823,ladder,195.8646,False
1018.85,ladder,195.8915,False
1018.863,ladder,195.9045,False
1018.891,ladder,195.9325,False
1018.916,ladder,195.958,False
1018.929,ladder,195.9711,False
1018.956,ladder,195.998,False
1018.969,ladder,196.011,False
1018.996,ladder,196.0381,False
1019.009,ladder,196.0511,False
1019.036,ladder,196.0781,False
1019.063,ladder,196.1047,False
1019.09,ladder,196.1322,False
1019.103,ladder,196.1445,False
1019.13,ladder,196.1716,False
1019.156,ladder,196.1982,False
1019.169,ladder,196.2111,False
1019.196,ladder,196.238,False
1019.21,ladder,196.2513,False
1019.236,ladder,196.2781,False
1019.263,ladder,196.3046,False
1019.289,ladder,196.3313,False
1019.316,ladder,196.3583,False
1019.329,ladder,196.3711,False
1019.356,ladder,196.3978,False
1019.369,ladder,196.4112,False
1019.396,ladder,196.438,False
1019.409,ladder,196.4513,False
1019.436,ladder,196.478,False
1019.449,ladder,196.491,False
1019.476,ladder,196.5182,False
1019.489,ladder,196.5313,False
1019.516,ladder,196.558,False
1019.529,ladder,196.571,False
1019.557,ladder,196.5984,False
1019.583,ladder,196.6247,False
1019.61,ladder,196.6516,False
1019.637,ladder,196.6789,False
1019.663,ladder,196.7048,False
1019.69,ladder,196.7313,False
1019.703,ladder,196.7445,False
1019.73,ladder,196.7715,False
1019.757,ladder,196.7986,False
1019.783,ladder,196.8248,False
1019.81,ladder,196.8514,False
1019.836,ladder,196.8779,False
1019.849,ladder,196.8912,False
1019.876,ladder,196.918,False
1019.903,ladder,196.9446,False
1019.93,ladder,196.9717,False
1019.957,ladder,196.9985,False
1019.983,ladder,197.025,False
1020.01,ladder,197.0513,False
1020.036,ladder,197.0783,False
1020.063,ladder,197.1046,False
1020.09,ladder,197.1313,False
1020.116,ladder,197.1581,False
1020.144,ladder,197.186,False
1020.17,ladder,197.2114,False
1020.196,ladder,197.238,False
1020.223,ladder,197.2651,False
1020.25,ladder,197.2914,False
1020.276,ladder,197.3179,False
1020.303,ladder,197.3445,False
1020.329,ladder,197.371,False
1020.356,ladder,197.3979,False
1020.383,ladder,197.4246,False
1020.409,ladder,197.4513,False
1020.423,ladder,197.4645,False
1020.449,ladder,197.4913,False
1020.463,ladder,197.5046,False
1020.49,ladder,197.5319,False
1020.517,ladder,197.5584,False
1020.543,ladder,197.5848,False
1020.57,ladder,197.6118,False
1020.596,ladder,197.6381,False
1020.61,ladder,197.6514,False
1020.636,ladder,197.678,False
1020.663,ladder,197.7046,False
1020.69,ladder,197.7313,False
1020.703,ladder,197.7445,False
1020.73,ladder,197.7718,False
1020.757,ladder,197.7986,False
1020.783,ladder,197.8246,False
1020.81,ladder,197.8513,False
1020.823,ladder,197.8644,False
1020.849,ladder,197.8913,False
1020.876,ladder,197.918,False
1020.889,ladder,197.9312,False
1020.917,ladder,197.9587,False
1020.943,ladder,197.9847,False
1020.97,ladder,198.0114,False
1020.997,ladder,198.0388,False
1021.023,ladder,198.0651,False
1021.049,ladder,198.0911,False
1021.076,ladder,198.118,False
1021.089,ladder,198.1312,False
1021.116,ladder,198.1581,False
1021.129,ladder,198.1712,False
1021.156,ladder,198.198,False
1021.183,ladder,198.2248,False
1021.209,ladder,198.2512,False
1021.237,ladder,198.2786,False
1021.263,ladder,198.3046,False
1021.29,ladder,198.3316,False
1021.317,ladder,198.3584,False
1021.343,ladder,198.3846,False
1021.369,ladder,198.4113,False
1021.383,ladder,198.4246,False
1021.423,ladder,198.4647,False
1021.45,ladder,198.4917,False
1021.463,ladder,198.5046,False
1021.49,ladder,198.5313,False
1021.503,ladder,198.5444,False
1021.53,ladder,198.5714,False
1021.543,ladder,198.5844,False
1021.569,ladder,198.6112,False
1021.583,ladder,198.6244,False
1021.611,ladder,198.6526,False
1021.636,ladder,198.6779,False
1021.649,ladder,198.691,False
1021.677,ladder,198.7187,False
1021.703,ladder,198.7448,False
1021.73,ladder,198.7714,False
1021.756,ladder,198.7983,False
1021.783,ladder,198.8247,False
1021.81,ladder,198.8514,False
1021.823,ladder,198.8646,False
1021.85,ladder,198.8914,False
1021.876,ladder,198.9179,False
1021.889,ladder,198.9312,False
1021.916,ladder,198.9581,False
1021.943,ladder,198.9847,False
1021.97,ladder,199.0121,False
1021.997,ladder,199.0385,False
1022.024,ladder,199.0654,False
1022.05,ladder,199.0914,False
1022.063,ladder,199.1044,False
1022.09,ladder,199.1316,False
1022.117,ladder,199.1588,False
1022.143,ladder,199.1849,False
1022.17,ladder,199.2114,False
1022.183,ladder,199.2246,False
1022.21,ladder,199.2513,False
1022.223,ladder,199.2646,False
1022.25,ladder,199.2914,False
1022.263,ladder,199.3044,False
1022.289,ladder,199.3312,False
1022.303,ladder,199.3445,False
1022.33,ladder,199.3713,False
1022.343,ladder,199.3845,False
1022.369,ladder,199.4113,False
1022.383,ladder,199.4244,False
1022.41,ladder,199.4514,False
1022.423,ladder,199.4645,False
1022.45,ladder,199.4916,False
1022.476,ladder,199.5179,False
1022.49,ladder,199.5314,False
1022.516,ladder,199.5579,False
1022.529,ladder,199.5712,False
1022.556,ladder,199.598,False
1022.583,ladder,199.6247,False
1022.609,ladder,199.6513,False
1022.636,ladder,199.6779,False
1022.649,ladder,199.691,False
1022.676,ladder,199.718,False
1022.703,ladder,199.7452,False
1022.729,ladder,199.7712,False
1022.756,ladder,199.7982,False
1022.783,ladder,199.8248,False
1022.809,ladder,199.8511,False
1022.823,ladder,199.8645,False
1022.849,ladder,199.8913,False
1022.876,ladder,199.918,False
1022.889,ladder,199.9311,False
1022.916,ladder,199.9579,False
1022.943,ladder,199.9846,False
1022.969,ladder,200.0113,False
1022.996,ladder,200.038,False
1023.023,ladder,200.0646,False
1023.049,ladder,200.0912,False
1023.077,ladder,200.1183,False
1023.103,ladder,200.1448,False
1023.13,ladder,200.1713,False
1023.156,ladder,200.1983,False
1023.183,ladder,200.2246,False
1023.21,ladder,200.252,False
1023.236,ladder,200.278,False
1023.263,ladder,200.3047,False
1023.29,ladder,200.3317,False
1023.317,ladder,200.3585,False
1023.343,ladder,200.3846,False
1023.37,ladder,200.4117,False
1023.396,ladder,200.438,False
1023.423,ladder,200.4647,False
1023.45,ladder,200.4914,False
1023.476,ladder,200.5182,False
1023.503,ladder,200.5447,False
1023.529,ladder,200.5713,False
1023.557,ladder,200.5988,False
1023.583,ladder,200.6246,False
1023.609,ladder,200.6512,False
1023.636,ladder,200.678,False
1023.663,ladder,200.7045,False
1023.69,ladder,200.7313,False
1023.717,ladder,200.7585,False
1023.743,ladder,200.7848,False
1023.769,ladder,200.8112,False
1023.796,ladder,200.838,False
1023.823,ladder,200.8646,False
1023.849,ladder,200.8912,False
1023.876,ladder,200.918,False
1023.903,ladder,200.9452,False
1023.93,ladder,200.9714,False
1023.956,ladder,200.998,False
1023.969,ladder,201.0112,False
1023.996,ladder,201.0379,False
1024.01,ladder,201.0513,False
1024.036,ladder,201.0779,False
1024.063,ladder,201.1046,False
1024.089,ladder,201.1313,False
1024.117,ladder,201.1585,False
1024.143,ladder,201.1846,False
1024.17,ladder,201.2115,False
1024.196,ladder,201.238,False
1024.223,ladder,201.2652,False
1024.25,ladder,201.2913,False
1024.277,ladder,201.3189,False
1024.303,ladder,201.3445,False
1024.33,ladder,201.3715,False
1024.356,ladder,201.398,False
1024.369,ladder,201.4112,False
1024.396,ladder,201.4382,False
1024.423,ladder,201.4648,False
1024.449,ladder,201.4913,False
1024.476,ladder,201.5179,False
1024.489,ladder,201.5311,False
1024.516,ladder,201.5579,False
1024.529,ladder,201.571,False
1024.556,ladder,201.598,False
1024.569,ladder,201.6113,False
1024.596,ladder,201.6378,False
1024.609,ladder,201.6511,False
1024.636,ladder,201.6782,False
1024.649,ladder,201.691,False
1024.676,ladder,201.718,False
1024.69,ladder,201.7314,False
1024.716,ladder,201.758,False
1024.729,ladder,201.7709,False
1024.756,ladder,201.7983,False
1024.784,ladder,201.8255,False
1024.81,ladder,201.8514,False
1024.836,ladder,201.8779,False
1024.863,ladder,201.9051,False
1024.89,ladder,201.9313,False
1024.902,ladder,201.9443,False
1024.929,ladder,201.9713,False
1024.943,ladder,201.9843,False
1024.97,ladder,202.0114,False
1024.997,ladder,202.0386,False
1025.023,ladder,202.0648,False
1025.05,ladder,202.0916,False
1025.077,ladder,202.1185,False
1025.104,ladder,202.1456,False
1025.13,ladder,202.1713,False
1025.143,ladder,202.1845,False
1025.169,ladder,202.2112,False
1025.182,ladder,202.2243,False
1025.21,ladder,202.2516,False
1025.223,ladder,202.2645,False
1025.25,ladder,202.2913,False
1025.276,ladder,202.3181,False
1025.289,ladder,202.3311,False
1025.316,ladder,202.358,False
1025.329,ladder,202.3712,False
1025.357,ladder,202.3984,False
1025.383,ladder,202.4247,False
1025.41,ladder,202.4514,False
1025.437,ladder,202.4789,False
1025.463,ladder,202.5047,False
1025.49,ladder,202.5313,False
1025.516,ladder,202.5582,False
1025.543,ladder,202.5849,False
1025.57,ladder,202.6118,False
1025.596,ladder,202.6382,False
1025.623,ladder,202.6646,False
1025.65,ladder,202.6918,False
1025.676,ladder,202.718,False
1025.703,ladder,202.7447,False
1025.729,ladder,202.7712,False
1025.743,ladder,202.7844,False
1025.77,ladder,202.8113,False
1025.796,ladder,202.8378,False
1025.809,ladder,202.8511,False
1025.836,ladder,202.8782,False
1025.863,ladder,202.9047,False
1025.89,ladder,202.9315,False
1025.903,ladder,202.9445,False
1025.93,ladder,202.9716,False
1025.956,ladder,202.9979,False
1025.983,ladder,203.0246,False
1026.01,ladder,203.0513,False
1026.023,ladder,203.0646,False
1026.05,ladder,203.0914,False
1026.076,ladder,203.1177,False
1026.089,ladder,203.1312,False
1026.116,ladder,203.1578,False
1026.129,ladder,203.1711,False
1026.156,ladder,203.1982,False
1026.183,ladder,203.2248,False
1026.209,ladder,203.2513,False
1026.223,ladder,203.2645,False
1026.25,ladder,203.2917,False
1026.276,ladder,203.3182,False
1026.303,ladder,203.3447,False
1026.329,ladder,203.3712,False
1026.343,ladder,203.3843,False
1026.37,ladder,203.4117,False
1026.397,ladder,203.4385,False
1026.423,ladder,203.4648,False
1026.45,ladder,203.4918,False
1026.476,ladder,203.5181,False
1026.503,ladder,203.545,False
1026.53,ladder,203.5716,False
1026.556,ladder,203.5981,False
1026.583,ladder,203.6246,False
1026.61,ladder,203.6522,False
1026.636,ladder,203.6782,False
1026.663,ladder,203.7048,False
1026.69,ladder,203.7314,False
1026.703,ladder,203.7443,False
1026.73,ladder,203.7717,False
1026.756,ladder,203.798,False
1026.783,ladder,203.8246,False
1026.81,ladder,203.8516,False
1026.836,ladder,203.8781,False
1026.863,ladder,203.9047,False
1026.89,ladder,203.9316,False
1026.916,ladder,203.9581,False
1026.929,ladder,203.9711,False
1026.956,ladder,203.9982,False
1026.983,ladder,204.0247,False
1027.01,ladder,204.0515,False
1027.022,ladder,204.0643,False
1027.05,ladder,204.0919,False
1027.076,ladder,204.118,False
1027.089,ladder,204.1312,False
1027.117,ladder,204.1585,False
1027.143,ladder,204.1846,False
1027.17,ladder,204.2114,False
1027.183,ladder,204.2244,False
1027.21,ladder,204.2515,False
1027.236,ladder,204.278,False
1027.249,ladder,204.2912,False
1027.276,ladder,204.3181,False
1027.303,ladder,204.3448,False
1027.33,ladder,204.3718,False
1027.357,ladder,204.3985,False
1027.383,ladder,204.4246,False
1027.41,ladder,204.4518,False
1027.436,ladder,204.4781,False
1027.463,ladder,204.5047,False
1027.49,ladder,204.5316,False
1027.516,ladder,204.558,False
1027.543,ladder,204.5847,False
1027.57,ladder,204.6115,False
1027.596,ladder,204.638,False
1027.623,ladder,204.6651,False
1027.65,ladder,204.6915,False
1027.663,ladder,204.7044,False
1027.69,ladder,204.7318,False
1027.717,ladder,204.7584,False
1027.743,ladder,204.7846,False
1027.77,ladder,204.8113,False
1027.783,ladder,204.8244,False
1027.81,ladder,204.8515,False
1027.836,ladder,204.8781,False
1027.864,ladder,204.9057,False
1027.89,ladder,204.9315,False
1027.903,ladder,204.9444,False
1027.931,ladder,204.9725,False
1027.956,ladder,204.998,False
1027.969,ladder,205.0112,False
1027.996,ladder,205.0381,False
1028.023,ladder,205.0648,False
1028.05,ladder,205.0914,False
1028.077,ladder,205.1187,False
1028.103,ladder,205.1448,False
1028.13,ladder,205.1714,False
1028.143,ladder,205.1845,False
1028.169,ladder,205.2112,False
1028.183,ladder,205.2245,False
1028.209,ladder,205.2512,False
1028.223,ladder,205.2646,False
1028.249,ladder,205.2912,False
1028.276,ladder,205.3181,False
1028.303,ladder,205.3447,False
1028.33,ladder,205.3714,False
1028.343,ladder,205.3845,False
1028.37,ladder,205.4113,False
1028.396,ladder,205.4383,False
1028.423,ladder,205.4647,False
1028.449,ladder,205.4913,False
1028.463,ladder,205.5045,False
1028.49,ladder,205.5314,False
1028.516,ladder,205.5579,False
1028.543,ladder,205.5847,False
1028.57,ladder,205.6115,False
1028.596,ladder,205.6379,False
1028.609,ladder,205.6512,False
1028.636,ladder,205.6782,False
1028.649,ladder,205.6911,False
1028.676,ladder,205.7178,False
1028.689,ladder,205.7309,False
1028.716,ladder,205.758,False
1028.743,ladder,205.7845,False
1028.77,ladder,205.8115,False
1028.783,ladder,205.8244,False
1028.809,ladder,205.8513,False
1028.823,ladder,205.8646,False
1028.85,ladder,205.8915,False
1028.863,ladder,205.9044,False
1028.89,ladder,205.9313,False
1028.903,ladder,205.9444,False
1028.93,ladder,205.9715,False
1028.943,ladder,205.9844,False
1028.97,ladder,206.0114,False
1028.997,ladder,206.0384,False
1029.023,ladder,206.0648,False
1029.049,ladder,206.0911,False
1029.063,ladder,206.1044,False
1029.089,ladder,206.1313,False
1029.103,ladder,206.1443,False
1029.13,ladder,206.1713,False
1029.143,ladder,206.1844,False
1029.17,ladder,206.2114,False
1029.183,ladder,206.2244,False
1029.21,ladder,206.2518,False
1029.236,ladder,206.2779,False
1029.263,ladder,206.305,False
1029.29,ladder,206.3316,False
1029.316,ladder,206.3577,False
1029.343,ladder,206.3846,False
1029.37,ladder,206.4117,False
1029.396,ladder,206.4378,False
1029.423,ladder,206.4645,False
1029.449,ladder,206.4913,False
1029.476,ladder,206.5179,False
1029.503,ladder,206.5447,False
1029.53,ladder,206.572,False
1029.556,ladder,206.5982,False
1029.583,ladder,206.6246,False
1029.61,ladder,206.6514,False
1029.636,ladder,206.6779,False
1029.663,ladder,206.7045,False
1029.689,ladder,206.7311,False
1029.716,ladder,206.7581,False
1029.743,ladder,206.7846,False
1029.77,ladder,206.812,False
1029.796,ladder,206.838,False
1029.823,ladder,206.8646,False
1029.849,ladder,206.8911,False
1029.876,ladder,206.9178,False
1029.903,ladder,206.9446,False
1029.93,ladder,206.9714,False
1029.956,ladder,206.9979,False
1029.983,ladder,207.0247,False
1030.01,ladder,207.0513,False
1030.036,ladder,207.0778,False
1030.063,ladder,207.1048,False
1030.09,ladder,207.1314,False
1030.116,ladder,207.1579,False
1030.143,ladder,207.1846,False
1030.17,ladder,207.2115,False
1030.196,ladder,207.2379,False
1030.209,ladder,207.251,False
1030.236,ladder,207.2779,False
1030.263,ladder,207.3046,False
1030.289,ladder,207.3312,False
1030.302,ladder,207.3442,False
1030.33,ladder,207.3714,False
1030.343,ladder,207.3846,False
1030.37,ladder,207.4114,False
1030.396,ladder,207.4382,False
1030.423,ladder,207.4648,False
1030.449,ladder,207.4913,False
1030.463,ladder,207.5043,False
1030.49,ladder,207.5313,False
1030.503,ladder,207.5446,False
1030.53,ladder,207.5715,False
1030.556,ladder,207.598,False
1030.57,ladder,207.6114,False
1030.596,ladder,207.638,False
1030.609,ladder,207.6511,False
1030.637,ladder,207.6786,False
1030.663,ladder,207.7045,False
1030.69,ladder,207.7314,False
1030.703,ladder,207.7446,False
1030.729,ladder,207.7713,False
1030.743,ladder,207.785,False
1030.77,ladder,207.8115,False
1030.797,ladder,207.8383,False
1030.823,ladder,207.8646,False
1030.85,ladder,207.8914,False
1030.863,ladder,207.9044,False
1030.889,ladder,207.9312,False
1030.903,ladder,207.9444,False
1030.93,ladder,207.9715,False
1030.956,ladder,207.9979,False
1030.969,ladder,208.0112,False
1030.997,ladder,208.0384,False
1031.023,ladder,208.0646,False
1031.05,ladder,208.0914,False
1031.076,ladder,208.1181,False
1031.103,ladder,208.1446,False
1031.129,ladder,208.1712,False
1031.156,ladder,208.1979,False
1031.183,ladder,208.2252,False
1031.209,ladder,208.2513,False
1031.236,ladder,208.278,False
1031.263,ladder,208.3045,False
1031.29,ladder,208.3314,False
1031.316,ladder,208.358,False
1031.343,ladder,208.3845,False
1031.369,ladder,208.4112,False
1031.396,ladder,208.438,False
1031.423,ladder,208.4647,False
1031.449,ladder,208.4913,False
1031.477,ladder,208.5184,False
1031.503,ladder,208.5446,False
1031.53,ladder,208.5714,False
1031.543,ladder,208.5845,False
1031.57,air,15.00031,False
1031.57,ladder,208.6115,False
1031.596,ladder,208.638,False
1031.623,ladder,208.6647,False
1031.65,ladder,208.6913,False
1031.663,ladder,208.7044,False
1031.689,ladder,208.7313,False
1031.703,ladder,208.7444,False
1031.73,ladder,208.7718,False
1031.756,ladder,208.7983,False
1031.783,ladder,208.8246,False
1031.81,ladder,208.8515,False
1031.836,ladder,208.8779,False
1031.849,ladder,208.8909,False
1031.876,ladder,208.918,False
1031.889,ladder,208.931,False
1031.917,ladder,208.9584,False
1031.943,ladder,208.9844,False
1031.97,ladder,209.0114,False
1031.996,ladder,209.038,False
1032.009,ladder,209.0511,False
1032.036,ladder,209.0779,False
1032.049,ladder,209.0911,False
1032.076,ladder,209.1181,False
1032.103,ladder,209.1445,False
1032.129,ladder,209.1712,False
1032.143,ladder,209.1844,False
1032.169,ladder,209.2112,False
1032.183,ladder,209.2244,False
1032.21,ladder,209.2519,False
1032.236,ladder,209.2779,False
1032.249,ladder,209.2911,False
1032.276,ladder,209.3181,False
1032.303,ladder,209.3444,False
1032.329,ladder,209.3712,False
1032.343,ladder,209.3843,False
1032.369,ladder,209.4112,False
1032.382,ladder,209.4243,False
1032.411,ladder,209.4529,False
1032.436,ladder,209.478,False
1032.463,ladder,209.5046,False
1032.49,ladder,209.5318,False
1032.516,ladder,209.5578,False
1032.543,ladder,209.5845,False
1032.569,ladder,209.6111,False
1032.583,ladder,209.6243,False
1032.609,ladder,209.6512,False
1032.636,ladder,209.6779,False
1032.649,ladder,209.6911,False
1032.676,ladder,209.7177,False
1032.689,ladder,209.7311,False
1032.716,ladder,209.758,False
1032.729,ladder,209.7712,False
1032.756,ladder,209.798,False
1032.769,ladder,209.8111,False
1032.797,ladder,209.8386,False
1032.823,ladder,209.8646,False
1032.849,ladder,209.8913,False
1032.877,ladder,209.9184,False
1032.903,ladder,209.9446,False
1032.93,ladder,209.9714,False
1032.956,ladder,209.9979,False
1032.983,ladder,210.0246,False
1033.009,ladder,210.0512,False
1033.037,ladder,210.0784,False
1033.063,ladder,210.105,False
1033.09,ladder,210.1314,False
1033.116,ladder,210.1583,False
1033.143,ladder,210.1844,False
1033.17,ladder,210.2114,False
1033.197,ladder,210.2386,False
1033.223,ladder,210.2647,False
1033.249,ladder,210.2911,False
1033.263,ladder,210.3044,False
1033.289,ladder,210.3312,False
1033.302,ladder,210.3443,False
1033.329,ladder,210.3712,False
1033.356,ladder,210.3979,False
1033.383,ladder,210.4245,False
1033.41,ladder,210.4515,False
1033.436,ladder,210.4778,False
1033.463,ladder,210.5046,False
1033.49,ladder,210.5313,False
1033.516,ladder,210.5578,False
1033.543,ladder,210.5845,False
1033.57,ladder,210.612,False
1033.596,ladder,210.6382,False
1033.623,ladder,210.6646,False
1033.65,ladder,210.6913,False
1033.676,ladder,210.7178,False
1033.703,ladder,210.7449,False
1033.73,ladder,210.7714,False
1033.756,ladder,210.798,False
1033.783,ladder,210.8248,False
1033.809,ladder,210.851,False
1033.836,ladder,210.878,False
1033.863,ladder,210.9047,False
1033.889,ladder,210.9312,False
1033.916,ladder,210.9579,False
1033.943,ladder,210.985,False
1033.969,ladder,211.0112,False
1033.996,ladder,211.0379,False
1034.023,ladder,211.0651,False
1034.049,ladder,211.091,False
1034.076,ladder,211.1177,False
1034.089,ladder,211.131,False
1034.116,ladder,211.1578,False
1034.143,ladder,211.1846,False
1034.169,ladder,211.211,False
1034.196,ladder,211.2379,False
1034.223,ladder,211.2647,False
1034.25,ladder,211.2913,False
1034.276,ladder,211.3179,False
1034.304,ladder,211.3454,False
1034.33,ladder,211.3714,False
1034.356,ladder,211.3981,False
1034.383,ladder,211.4247,False
1034.41,ladder,211.4514,False
1034.436,ladder,211.4777,False
1034.463,ladder,211.5046,False
1034.49,ladder,211.5316,False
1034.516,ladder,211.5579,False
1034.543,ladder,211.5847,False
1034.569,ladder,211.6113,False
1034.596,ladder,211.6378,False
1034.624,ladder,211.6653,False
1034.649,ladder,211.6911,False
1034.677,ladder,211.7184,False
1034.703,ladder,211.7448,False
1034.729,ladder,211.7712,False
1034.756,ladder,211.7983,False
1034.783,ladder,211.8248,False
1034.809,ladder,211.8511,False
1034.836,ladder,211.878,False
1034.863,ladder,211.9047,False
1034.889,ladder,211.9312,False
1034.916,ladder,211.9578,False
1034.943,ladder,211.9847,False
1034.969,ladder,212.0112,False
1034.996,ladder,212.0379,False
1035.023,ladder,212.0648,False
1035.05,ladder,212.0914,False
1035.076,ladder,212.1179,False
1035.103,ladder,212.1451,False
1035.129,ladder,212.1712,False
1035.156,ladder,212.1978,False
1035.183,ladder,212.2247,False
1035.209,ladder,212.2512,False
1035.236,ladder,212.278,False
1035.263,ladder,212.3046,False
1035.29,ladder,212.3318,False
1035.316,ladder,212.3578,False
1035.343,ladder,212.3847,False
1035.369,ladder,212.4111,False
1035.396,ladder,212.4377,False
1035.423,ladder,212.4651,False
1035.45,ladder,212.4915,False
1035.476,ladder,212.5179,False
1035.503,ladder,212.5452,False
1035.529,ladder,212.5711,False
1035.557,ladder,212.5986,False
1035.583,ladder,212.6246,False
1035.609,ladder,212.6512,False
